{"pos":{"x":0.17000000178813935,"y":1.0299999713897706,"z":0.3499999940395355},"rot":{"x":0.00039137990097515285,"y":-0.02242214046418667,"z":-0.01744801737368107,"w":0.9995962977409363},"scale":{"x":1.0,"y":1.0,"z":1.0}}