{"pos":{"x":0.20999999344348908,"y":1.0,"z":0.3799999952316284},"rot":{"x":0.0,"y":0.01195517648011446,"z":0.0,"w":0.9999285340309143},"scale":{"x":1.0,"y":1.0,"z":1.0}}