{"tableGuess":{"testState":"tableGuess","timeStart":17.559391021728517,"timeEnd":24.931554794311525,"testDuration":7.372163772583008,"taskFulfilled":true,"positionOnTaskStart":{"x":0.10281116515398026,"y":0.3256547749042511,"z":-0.35917913913726809},"positionOnTaskFinish":{"x":0.10591374337673187,"y":0.3227083683013916,"z":-0.35726499557495119},"distanceToTarget":1.1888436079025269,"distanceGuess":12.0,"deviationInMeter":10.811156272888184,"deviationInPercent":909.3842163085938},"testSpotlightsRed":{"testState":"spotlightR","timeStart":37.074092864990237,"timeEnd":38.08289337158203,"testDuration":1.0088005065917969,"taskFulfilled":true,"positionOnTaskStart":{"x":0.0888722687959671,"y":0.3441159725189209,"z":-0.3809029161930084},"positionOnTaskFinish":{"x":0.09139888733625412,"y":0.34145447611808779,"z":-0.3791031241416931},"distanceToTarget":0.8948877453804016,"spotLightPosition":{"x":0.27446508407592776,"y":-0.19450682401657105,"z":-1.25506591796875}},"testSpotlightsGreen":{"testState":"spotlightG","timeStart":38.946712493896487,"timeEnd":39.72452163696289,"testDuration":0.7778091430664063,"taskFulfilled":true,"positionOnTaskStart":{"x":0.0937783420085907,"y":0.34105604887008669,"z":-0.3784410357475281},"positionOnTaskFinish":{"x":0.09115582704544068,"y":0.34051400423049929,"z":-0.37875983119010928},"distanceToTarget":1.4880989789962769,"spotLightPosition":{"x":-1.2810170650482178,"y":-0.19450682401657105,"z":-0.95458984375}},"testSpotlightsBlue":{"testState":"spotlightB","timeStart":40.5059928894043,"timeEnd":41.096229553222659,"testDuration":0.5902366638183594,"taskFulfilled":true,"positionOnTaskStart":{"x":0.0915287435054779,"y":0.33957523107528689,"z":-0.3783743381500244},"positionOnTaskFinish":{"x":0.05546616017818451,"y":0.3323906660079956,"z":-0.39306437969207766},"distanceToTarget":0.19624114036560059,"spotLightPosition":{"x":-0.13397639989852906,"y":-0.19450682401657105,"z":-0.34185791015625}},"testClocksSmall":{"testState":"clockSmall","timeStart":57.88390350341797,"timeEnd":60.95511245727539,"testDuration":3.071208953857422,"taskFulfilled":true,"positionOnTaskStart":{"x":0.13992714881896974,"y":0.33718225359916689,"z":-0.38514646887779238},"positionOnTaskFinish":{"x":0.14086103439331056,"y":0.3370040953159332,"z":-0.3852323591709137},"distanceToTarget":2.53100323677063,"timeReal":"6:66","timeGuess":"7:45","correctGuess":false},"testClocksNormal":{"testState":"clockNormal","timeStart":52.879356384277347,"timeEnd":56.82939147949219,"testDuration":3.9500350952148439,"taskFulfilled":true,"positionOnTaskStart":{"x":0.14529675245285035,"y":0.33652955293655398,"z":-0.38429152965545657},"positionOnTaskFinish":{"x":0.139563649892807,"y":0.33719873428344729,"z":-0.3848859667778015},"distanceToTarget":1.404099464416504,"timeReal":"6:66","timeGuess":"6:35","correctGuess":false},"testClocksBig":{"testState":"clockBig","timeStart":41.728946685791019,"timeEnd":52.2094612121582,"testDuration":10.480514526367188,"taskFulfilled":true,"positionOnTaskStart":{"x":0.06485330313444138,"y":0.333556205034256,"z":-0.3866935968399048},"positionOnTaskFinish":{"x":0.14576631784439088,"y":0.33677148818969729,"z":-0.3841542899608612},"distanceToTarget":2.5695292949676515,"timeReal":"6:66","timeGuess":"18:45","correctGuess":false},"testCube":{"testState":"cube","timeStart":61.69308090209961,"timeEnd":88.81371307373047,"testDuration":27.12063217163086,"taskFulfilled":true,"positionOnTaskStart":{"x":0.15747210383415223,"y":0.3353917598724365,"z":-0.3842480182647705},"positionOnTaskFinish":{"x":0.17392727732658387,"y":0.27226871252059939,"z":-0.36924201250076296},"distanceToTarget":1.4662483930587769,"cubeGiven":"CUBE_4_155","cubeChosen":"CUBE_1_110"}}