{"tableGuess":{"testState":"tableGuess","timeStart":6.869455337524414,"timeEnd":10.019021034240723,"testDuration":3.1495656967163088,"taskFulfilled":true,"positionOnTaskStart":{"x":-0.2633466124534607,"y":0.23940156400203706,"z":-0.6387115716934204},"positionOnTaskFinish":{"x":-0.2633976936340332,"y":0.23918966948986054,"z":-0.6387644410133362},"distanceToTarget":2.0646257400512697,"distanceGuess":12.0,"deviationInMeter":9.93537425994873,"deviationInPercent":481.2191467285156},"testSpotlightsRed":{"testState":"spotlightR","timeStart":11.157320976257325,"timeEnd":11.939899444580079,"testDuration":0.7825784683227539,"taskFulfilled":true,"positionOnTaskStart":{"x":-0.263435423374176,"y":0.23920771479606629,"z":-0.6384315490722656},"positionOnTaskFinish":{"x":-0.2636115550994873,"y":0.23916912078857423,"z":-0.6386754512786865},"distanceToTarget":0.7995704412460327,"spotLightPosition":{"x":0.5252308249473572,"y":0.0054931640625,"z":-0.7692152261734009}},"testSpotlightsGreen":{"testState":"spotlightG","timeStart":12.799866676330567,"timeEnd":13.573508262634278,"testDuration":0.7736415863037109,"taskFulfilled":true,"positionOnTaskStart":{"x":-0.26321518421173098,"y":0.23938554525375367,"z":-0.638824462890625},"positionOnTaskFinish":{"x":-0.2636518180370331,"y":0.2391611635684967,"z":-0.6387052536010742},"distanceToTarget":1.180174708366394,"spotLightPosition":{"x":-0.7763381004333496,"y":0.0054931640625,"z":0.4242929518222809}},"testSpotlightsBlue":{"testState":"spotlightB","timeStart":14.29702377319336,"timeEnd":15.092987060546875,"testDuration":0.7959632873535156,"taskFulfilled":true,"positionOnTaskStart":{"x":-0.2633354961872101,"y":0.2391861081123352,"z":-0.6387162208557129},"positionOnTaskFinish":{"x":-0.2633700966835022,"y":0.23926687240600587,"z":-0.6386335492134094},"distanceToTarget":1.7689815759658814,"spotLightPosition":{"x":0.9437626004219055,"y":0.02349853515625,"z":0.6544736623764038}},"testClocksSmall":{"testState":"clockSmall","timeStart":23.52286720275879,"timeEnd":25.578311920166017,"testDuration":2.0554447174072267,"taskFulfilled":true,"positionOnTaskStart":{"x":-0.26375389099121096,"y":0.23894605040550233,"z":-0.6385249495506287},"positionOnTaskFinish":{"x":-0.26338809728622439,"y":0.23917701840400697,"z":-0.6385797262191773},"distanceToTarget":1.953667163848877,"clockReal":"10:30","clockGuessed":"10:30","correctGuess":true,"deviation":0.0},"testClocksNormal":{"testState":"clockNormal","timeStart":19.61388397216797,"timeEnd":20.36423110961914,"testDuration":0.7503471374511719,"taskFulfilled":true,"positionOnTaskStart":{"x":-0.2636152505874634,"y":0.2392764389514923,"z":-0.6386072635650635},"positionOnTaskFinish":{"x":-0.2635095417499542,"y":0.23915450274944306,"z":-0.6386212110519409},"distanceToTarget":2.459139585494995,"clockReal":"02:45","clockGuessed":"02:45","correctGuess":true,"deviation":0.0},"testClocksBig":{"testState":"clockBig","timeStart":15.849485397338868,"timeEnd":18.910480499267579,"testDuration":3.060995101928711,"taskFulfilled":true,"positionOnTaskStart":{"x":-0.26356688141822817,"y":0.2393365353345871,"z":-0.6385364532470703},"positionOnTaskFinish":{"x":-0.26370298862457278,"y":0.23890098929405213,"z":-0.6386628150939941},"distanceToTarget":3.532773017883301,"clockReal":"04:20","clockGuessed":"04:22","correctGuess":false,"deviation":0.00200000056065619},"testCube":{"testState":"cube","timeStart":27.578311920166017,"timeEnd":29.15364646911621,"testDuration":1.5753345489501954,"taskFulfilled":true,"positionOnTaskStart":{"x":-0.26372700929641726,"y":0.23901256918907166,"z":-0.6386415362358093},"positionOnTaskFinish":{"x":-0.26367461681365969,"y":0.2390003502368927,"z":-0.6385539174079895},"distanceToTarget":2.2638742923736574,"cubeGiven":"CUBE_1_110","cubeChosen":"CUBE_1_110","deviationPercentage":0.0,"deviationCM":0.0}}