{"tableGuess":{"testState":"tableGuess","timeStart":0.9341883659362793,"timeEnd":2.8873579502105715,"testDuration":1.953169584274292,"taskFulfilled":true,"positionOnTaskStart":{"x":0.2937147617340088,"y":0.08351068943738938,"z":-0.246707946062088},"positionOnTaskFinish":{"x":0.2909644544124603,"y":0.0829714834690094,"z":-0.24575801193714143},"distanceToTarget":1.3097859621047974,"distanceGuess":346.0,"deviationInMeter":344.6902160644531,"deviationInPercent":26316.529296875},"testSpotlightsRed":{"testState":"spotlightR","timeStart":3.434945821762085,"timeEnd":3.8028907775878908,"testDuration":0.36794495582580569,"taskFulfilled":true,"positionOnTaskStart":{"x":0.2908779978752136,"y":0.08285292983055115,"z":-0.2457367479801178},"positionOnTaskFinish":{"x":0.2903499901294708,"y":0.08290828764438629,"z":-0.24550080299377442},"distanceToTarget":1.0096900463104249,"spotLightPosition":{"x":0.27446508407592776,"y":-0.19450682401657105,"z":-1.25506591796875}},"testSpotlightsGreen":{"testState":"spotlightG","timeStart":4.127232551574707,"timeEnd":4.48457670211792,"testDuration":0.3573441505432129,"taskFulfilled":true,"positionOnTaskStart":{"x":0.28994572162628176,"y":0.08288535475730896,"z":-0.24541369080543519},"positionOnTaskFinish":{"x":0.28951984643936159,"y":0.08286285400390625,"z":-0.24525216221809388},"distanceToTarget":1.7232950925827027,"spotLightPosition":{"x":-1.2810170650482178,"y":-0.19450682401657105,"z":-0.95458984375}},"testSpotlightsBlue":{"testState":"spotlightB","timeStart":4.830791473388672,"timeEnd":5.188547134399414,"testDuration":0.3577556610107422,"taskFulfilled":true,"positionOnTaskStart":{"x":0.28946495056152346,"y":0.08274085819721222,"z":-0.24526172876358033},"positionOnTaskFinish":{"x":0.28977495431900027,"y":0.08281362056732178,"z":-0.24542692303657533},"distanceToTarget":0.4345850348472595,"spotLightPosition":{"x":-0.13397639989852906,"y":-0.19450682401657105,"z":-0.34185791015625}},"testClocksSmall":{"testState":"clockSmall","timeStart":10.113566398620606,"timeEnd":11.388298034667969,"testDuration":1.2747316360473633,"taskFulfilled":true,"positionOnTaskStart":{"x":0.2872200608253479,"y":0.08248786628246308,"z":-0.24464985728263856},"positionOnTaskFinish":{"x":0.2872498631477356,"y":0.08233955502510071,"z":-0.24480471014976502},"distanceToTarget":2.791975736618042,"timeReal":"6:66","timeGuess":"hgjuk","correctGuess":false},"testClocksNormal":{"testState":"clockNormal","timeStart":8.55239200592041,"timeEnd":9.69015121459961,"testDuration":1.1377592086791993,"taskFulfilled":true,"positionOnTaskStart":{"x":0.28744369745254519,"y":0.08251462876796723,"z":-0.24476107954978944},"positionOnTaskFinish":{"x":0.2871992588043213,"y":0.08246486634016037,"z":-0.24457891285419465},"distanceToTarget":1.5985478162765504,"timeReal":"6:66","timeGuess":"tzi","correctGuess":false},"testClocksBig":{"testState":"clockBig","timeStart":5.5478105545043949,"timeEnd":7.399917125701904,"testDuration":1.8521065711975098,"taskFulfilled":true,"positionOnTaskStart":{"x":0.2901485860347748,"y":0.08280585706233978,"z":-0.2454931139945984},"positionOnTaskFinish":{"x":0.2878710925579071,"y":0.08259555697441101,"z":-0.24482613801956178},"distanceToTarget":2.632331371307373,"timeReal":"6:66","timeGuess":"fdgh","correctGuess":false},"testCube":{"testState":"cube","timeStart":11.767651557922364,"timeEnd":14.917413711547852,"testDuration":3.1497621536254885,"taskFulfilled":true,"positionOnTaskStart":{"x":0.28748130798339846,"y":0.08237507939338684,"z":-0.2447231113910675},"positionOnTaskFinish":{"x":0.2880399227142334,"y":0.08234111219644547,"z":-0.24504195153713227},"distanceToTarget":1.502586007118225,"cubeGiven":"CUBE_4_155","cubeChosen":"CUBE_3_140"}}