{"tableGuess":{"testState":"tableGuess","timeStart":15.616012573242188,"timeEnd":19.603822708129884,"testDuration":3.9878101348876955,"taskFulfilled":true,"positionOnTaskStart":{"x":-0.263532817363739,"y":0.23932905495166779,"z":-0.6387208104133606},"positionOnTaskFinish":{"x":-0.2634495496749878,"y":0.23927050828933717,"z":-0.6386640071868897},"distanceToTarget":2.064518690109253,"distanceGuess":1.0,"deviationInMeter":-1.064518690109253,"deviationInPercent":-51.56256103515625},"testSpotlightsRed":{"testState":"spotlightR","timeStart":20.49654197692871,"timeEnd":21.122488021850587,"testDuration":0.625946044921875,"taskFulfilled":true,"positionOnTaskStart":{"x":-0.2632451355457306,"y":0.23927423357963563,"z":-0.6384624242782593},"positionOnTaskFinish":{"x":-0.2633958160877228,"y":0.23916906118392945,"z":-0.6385178565979004},"distanceToTarget":0.7993834018707275,"spotLightPosition":{"x":0.5252308249473572,"y":0.0054931640625,"z":-0.7692152261734009}},"testSpotlightsGreen":{"testState":"spotlightG","timeStart":21.59280014038086,"timeEnd":22.071868896484376,"testDuration":0.4790687561035156,"taskFulfilled":true,"positionOnTaskStart":{"x":-0.2635306417942047,"y":0.23915952444076539,"z":-0.6386547088623047},"positionOnTaskFinish":{"x":-0.26362019777297976,"y":0.23935435712337495,"z":-0.638613224029541},"distanceToTarget":1.1801055669784547,"spotLightPosition":{"x":-0.7763381004333496,"y":0.0054931640625,"z":0.4242929518222809}},"testSpotlightsBlue":{"testState":"spotlightB","timeStart":22.5207462310791,"timeEnd":23.068950653076173,"testDuration":0.5482044219970703,"taskFulfilled":true,"positionOnTaskStart":{"x":-0.26352638006210329,"y":0.2392216920852661,"z":-0.6387771368026733},"positionOnTaskFinish":{"x":-0.2635343670845032,"y":0.2393171191215515,"z":-0.638690710067749},"distanceToTarget":1.7691354751586915,"spotLightPosition":{"x":0.9437626004219055,"y":0.02349853515625,"z":0.6544736623764038}},"testClocksSmall":{"testState":"clockSmall","timeStart":28.941097259521486,"timeEnd":29.287904739379884,"testDuration":0.34680747985839846,"taskFulfilled":true,"positionOnTaskStart":{"x":-0.26346951723098757,"y":0.23933431506156922,"z":-0.6387372016906738},"positionOnTaskFinish":{"x":-0.2637300491333008,"y":0.23897698521614076,"z":-0.6385148763656616},"distanceToTarget":1.9535729885101319,"clockReal":"10:30","clockGuessed":"10:30","correctGuess":true,"deviation":0.0},"testClocksNormal":{"testState":"clockNormal","timeStart":28.14851951599121,"timeEnd":28.561552047729493,"testDuration":0.41303253173828127,"taskFulfilled":true,"positionOnTaskStart":{"x":-0.26362648606300356,"y":0.23908157646656037,"z":-0.6386072039604187},"positionOnTaskFinish":{"x":-0.263744056224823,"y":0.23905885219573975,"z":-0.6385509371757507},"distanceToTarget":2.4593489170074465,"clockReal":"02:45","clockGuessed":"02:45","correctGuess":true,"deviation":0.0},"testClocksBig":{"testState":"clockBig","timeStart":23.537370681762697,"timeEnd":27.221046447753908,"testDuration":3.683675765991211,"taskFulfilled":true,"positionOnTaskStart":{"x":-0.2636258006095886,"y":0.23915518820285798,"z":-0.638614296913147},"positionOnTaskFinish":{"x":-0.2634686529636383,"y":0.23918238282203675,"z":-0.6385272741317749},"distanceToTarget":3.5325136184692385,"clockReal":"04:20","clockGuessed":"04:21","correctGuess":false,"deviation":0.0009999989997595549},"testCube":{"testState":"cube","timeStart":31.45496368408203,"timeEnd":33.23100662231445,"testDuration":1.7760429382324219,"taskFulfilled":true,"positionOnTaskStart":{"x":-0.26356256008148196,"y":0.23921045660972596,"z":-0.6386646628379822},"positionOnTaskFinish":{"x":-0.263471782207489,"y":0.23927831649780274,"z":-0.6386181116104126},"distanceToTarget":2.2638494968414308,"cubeGiven":"CUBE_1_110","cubeChosen":"CUBE_1_110","deviationPercentage":0.0,"deviationCM":0.0}}